reason_visit_name,total_ed_enc,rank,is_top_n,slug
ABDOMINAL PAIN,123575,1,True,abdominal_pain
CHEST PAIN,82502,2,True,chest_pain
FALL,52970,3,True,fall
SHORTNESS OF BREATH,48018,4,True,shortness_of_breath
BACK PAIN,35338,5,True,back_pain
FEVER,33417,6,True,fever
HEADACHE,31083,7,True,headache
VOMITING,30193,8,True,vomiting
BREATHING PROBLEM,29675,9,True,breathing_problem
COUGH,22875,10,True,cough
DIZZINESS,22625,11,True,dizziness
WEAKNESS,21548,12,True,weakness
FLANK PAIN,20480,13,True,flank_pain
LEG PAIN,17614,14,True,leg_pain
LACERATION,15496,15,True,laceration
FLU-LIKE SYMPTOMS,15277,16,True,flu_like_symptoms
ALCOHOL INTOXICATION,14950,17,True,alcohol_intoxication
EVALUATION,13110,18,True,evaluation
SEIZURES,13071,19,True,seizures
MOTOR VEHICLE CRASH,12821,20,True,motor_vehicle_crash
PALPITATIONS,11844,21,False,palpitations
SYNCOPE,11396,22,False,syncope
SUICIDAL,11382,23,False,suicidal
CLOSED HEAD INJURY,11084,24,False,closed_head_injury
ALTERED MENTAL STATUS,10586,25,False,altered_mental_status
SORE THROAT,10414,26,False,sore_throat
NAUSEA,9988,27,False,nausea
OTHER,9762,28,False,other
TRAUMA,9592,29,False,trauma
DERM PROBLEM,9398,30,False,derm_problem
VAGINAL BLEEDING,9160,31,False,vaginal_bleeding
DENTAL PAIN,8982,32,False,dental_pain
EYE PROBLEM,8740,33,False,eye_problem
HYPERTENSION,8716,34,False,hypertension
KNEE PAIN,8641,35,False,knee_pain
ARM PAIN,7674,36,False,arm_pain
FOOT PAIN,7135,37,False,foot_pain
ALLERGIC REACTION,7045,38,False,allergic_reaction
ANXIETY,7043,39,False,anxiety
NUMBNESS,7023,40,False,numbness
ABNORMAL LABS,6945,41,False,abnormal_labs
FINGER INJURY,6854,42,False,finger_injury
DIARRHEA,6783,43,False,diarrhea
LEG SWELLING,6642,44,False,leg_swelling
ASSAULT VICTIM,6512,45,False,assault_victim
NECK PAIN,6491,46,False,neck_pain
DRUG OVERDOSE,6311,47,False,drug_overdose
ANKLE INJURY,6242,48,False,ankle_injury
WITHDRAWAL,6158,49,False,withdrawal
SHOULDER PAIN,6047,50,False,shoulder_pain
HIP PAIN,6024,51,False,hip_pain
WOUND CHECK,5828,52,False,wound_check
CONFUSION,5641,53,False,confusion
ARM INJURY,5317,54,False,arm_injury
EPISTAXIS,5128,55,False,epistaxis
EAR PAIN,5117,56,False,ear_pain
HAND INJURY,4786,57,False,hand_injury
CONSTIPATION,4705,58,False,constipation
FATIGUE,4552,59,False,fatigue
URINARY RETENTION,4482,60,False,urinary_retention
RASH,4414,61,False,rash
MELENA,4374,62,False,melena
RIB PAIN,4347,63,False,rib_pain
ALCOHOL PROBLEM,4268,64,False,alcohol_problem
GENERALIZED BODY ACHES,4055,65,False,generalized_body_aches
EXTREMITY LACERATION,3859,66,False,extremity_laceration
UTI,3697,67,False,uti
POST OP PAIN,3679,68,False,post_op_pain
SURGICAL FOLLOWUP,3629,69,False,surgical_followup
ANKLE PAIN,3573,70,False,ankle_pain
SLURRED SPEECH,3487,71,False,slurred_speech
FOOT INJURY,3486,72,False,foot_injury
SWELLING,3482,73,False,swelling
WRIST INJURY,3429,74,False,wrist_injury
MEDICATION REQUEST,3419,75,False,medication_request
SHOULDER INJURY,3407,76,False,shoulder_injury
DENTAL PROBLEM,3383,77,False,dental_problem
HEAD LACERATION,3238,78,False,head_laceration
HYPOTENSION,3227,79,False,hypotension
KNEE INJURY,3137,80,False,knee_injury
HYPERGLYCEMIA,3041,81,False,hyperglycemia
BLOOD IN STOOL,3033,82,False,blood_in_stool
NEAR SYNCOPE,3018,83,False,near_syncope
HAND PAIN,2970,84,False,hand_pain
JAIL CLEARANCE,2967,85,False,jail_clearance
LEG INJURY,2906,86,False,leg_injury
COVID 19 EXPOSURE,2864,87,False,covid_19_exposure
ABSCESS,2648,88,False,abscess
CATHETER,2639,89,False,catheter
TOE PAIN,2620,90,False,toe_pain
FEEDING TUBE COMPLICATION,2608,91,False,feeding_tube_complication
PELVIC PAIN,2606,92,False,pelvic_pain
HEMATURIA,2600,93,False,hematuria
HEMATEMESIS,2573,94,False,hematemesis
DEHYDRATION,2506,95,False,dehydration
ANIMAL BITE,2501,96,False,animal_bite
DRUG PROBLEM,2471,97,False,drug_problem
EXTREMITY WEAKNESS,2445,98,False,extremity_weakness
EYE PAIN,2265,99,False,eye_pain
DOG BITE,2209,100,False,dog_bite
WOUND INFECTION,2189,101,False,wound_infection
FUSSY,2180,102,False,fussy
FOREIGN BODY SWALLOWED,2127,103,False,foreign_body_swallowed
IRREGULAR HEART BEAT,2049,104,False,irregular_heart_beat
TACHYCARDIA,2018,105,False,tachycardia
EAR ACHE,2018,106,False,ear_ache
UNRESPONSIVE,2015,107,False,unresponsive
RESPIRATORY DISTRESS,1989,108,False,respiratory_distress
HIGH BLOOD SUGAR,1979,109,False,high_blood_sugar
HALLUCINATIONS,1941,110,False,hallucinations
WRIST PAIN,1932,111,False,wrist_pain
GROIN PAIN,1842,112,False,groin_pain
BURN,1830,113,False,burn
FINGER PAIN,1830,114,False,finger_pain
TESTICULAR PAIN,1826,115,False,testicular_pain
RECTAL PROBLEM,1812,116,False,rectal_problem
SUTURE/ STAPLE REMOVAL,1782,117,False,suture_staple_removal
MEDICATION REACTION,1776,118,False,medication_reaction
CARDIAC ARREST,1765,119,False,cardiac_arrest
FACIAL LACERATION,1752,120,False,facial_laceration
FACIAL DROOP,1751,121,False,facial_droop
FOOD BOLUS,1718,122,False,food_bolus
CELLULITIS,1714,123,False,cellulitis
ASTHMA,1707,124,False,asthma
THREATENED MISCARRIAGE,1654,125,False,threatened_miscarriage
JAW PAIN,1647,126,False,jaw_pain
HYPOGLYCEMIA,1637,127,False,hypoglycemia
BLOOD IN URINE,1625,128,False,blood_in_urine
INGESTION,1596,129,False,ingestion
PENIS/SCROTUM PROBLEM,1572,130,False,penis_scrotum_problem
URINARY BURNING,1538,131,False,urinary_burning
INSECT BITE,1470,132,False,insect_bite
MEDICAL CLEARANCE,1465,133,False,medical_clearance
FACIAL SWELLING,1464,134,False,facial_swelling
NEUROLOGICAL CHANGES,1407,135,False,neurological_changes
URI,1384,136,False,uri
COVID 19 INFORMATION,1351,137,False,covid_19_information
NASAL CONGESTION,1341,138,False,nasal_congestion
EYE INJURY,1339,139,False,eye_injury
CHILLS,1334,140,False,chills
ATRIAL FIBRILLATION,1323,141,False,atrial_fibrillation
HEMOPTYSIS,1311,142,False,hemoptysis
EVALUATION OF SEXUAL ASSAULT,1232,143,False,evaluation_of_sexual_assault
DEPRESSION,1232,144,False,depression
BLOOD PRESSURE,1232,145,False,blood_pressure
FACIAL PAIN,1220,146,False,facial_pain
TESTICLE PROBLEM,1218,147,False,testicle_problem
DYSURIA,1214,148,False,dysuria
FOOT SWELLING,1200,149,False,foot_swelling
SHAKING,1189,150,False,shaking
FACIAL INJURY,1172,151,False,facial_injury
PSYCHIATRIC PROBLEM,1164,152,False,psychiatric_problem
HIVES,1150,153,False,hives
SUICIDE ATTEMPT,1148,154,False,suicide_attempt
EAR PROBLEM,1143,155,False,ear_problem
HIP INJURY,1131,156,False,hip_injury
ABDOMINAL DISTENTION,1115,157,False,abdominal_distention
BLOOD SUGAR PROBLEMS,1111,158,False,blood_sugar_problems
URINARY PAIN,1091,159,False,urinary_pain
NEUROLOGIC PROBLEM,1058,160,False,neurologic_problem
ELBOW INJURY,1036,161,False,elbow_injury
MENTAL HEALTH VISIT,1033,162,False,mental_health_visit
BRADYCARDIA,1028,163,False,bradycardia
FOREIGN BODY IN EYE,989,164,False,foreign_body_in_eye
MOUTH/LIP PROBLEM,985,165,False,mouth_lip_problem
URINARY FREQUENCY,979,166,False,urinary_frequency
FOREIGN BODY IN SKIN,974,167,False,foreign_body_in_skin
ATV ACCIDENT,973,168,False,atv_accident
RECTAL BLEEDING,966,169,False,rectal_bleeding
NOSE BLEED,960,170,False,nose_bleed
ELBOW PAIN,953,171,False,elbow_pain
VOMITING DURING PREGNANCY,938,172,False,vomiting_during_pregnancy
VIRAL SYNDROME,919,173,False,viral_syndrome
BLEEDING/BRUISING,919,174,False,bleeding_bruising
TINGLING,913,175,False,tingling
BICYCLE ACCIDENT,852,176,False,bicycle_accident
LIP LACERATION,850,177,False,lip_laceration
MASS,848,178,False,mass
PANIC ATTACK,820,179,False,panic_attack
KIDNEY PROBLEM,804,180,False,kidney_problem
CROUP,800,181,False,croup
GI BLEEDING,795,182,False,gi_bleeding
AGGRESSIVE BEHAVIOR,792,183,False,aggressive_behavior
CYST,775,184,False,cyst
SPASMS,768,185,False,spasms
THROAT PROBLEM,765,186,False,throat_problem
EMESIS,764,187,False,emesis
EXPOSURE TO STD,759,188,False,exposure_to_std
OUTPATIENT DIALYSIS FOLLOW-UP,750,189,False,outpatient_dialysis_follow_up
APHASIA,749,190,False,aphasia
MOUTH PAIN,722,191,False,mouth_pain
VAGINAL PROBLEM,715,192,False,vaginal_problem
MOTORCYCLE CRASH,693,193,False,motorcycle_crash
SINUS PROBLEM,673,194,False,sinus_problem
LOSS OF VISION,667,195,False,loss_of_vision
WHEEZING,667,196,False,wheezing
BACK INJURY,663,197,False,back_injury
SA,660,198,False,sa
HEMORRHOIDS,660,199,False,hemorrhoids
SICKLE CELL CRISIS,647,200,False,sickle_cell_crisis
MOUTH INJURY,646,201,False,mouth_injury
STD,641,202,False,std
VAGINAL PAIN,633,203,False,vaginal_pain
BREAST PAIN,631,204,False,breast_pain
ANEMIA,628,205,False,anemia
FOREIGN BODY IN NOSE,628,206,False,foreign_body_in_nose
FEBRILE SEIZURE,622,207,False,febrile_seizure
DIABETES,616,208,False,diabetes
PAIN,592,209,False,pain
NEPHROLITHIASIS,559,210,False,nephrolithiasis
FOREIGN BODY IN EAR,544,211,False,foreign_body_in_ear
BOIL,540,212,False,boil
POSSIBLE HERNIA,539,213,False,possible_hernia
MANIC BEHAVIOR,526,214,False,manic_behavior
BEHAVIORAL PROBLEM,521,215,False,behavioral_problem
MISCARRIAGE,515,216,False,miscarriage
FAILURE TO THRIVE,501,217,False,failure_to_thrive
JAUNDICE,492,218,False,jaundice
BODY FLUID EXPOSURE,491,219,False,body_fluid_exposure
GUN SHOT WOUND,487,220,False,gun_shot_wound
COPD,481,221,False,copd
STAB WOUND,476,222,False,stab_wound
RIB INJURY,470,223,False,rib_injury
DEEP VEIN THROMBOSIS,466,224,False,deep_vein_thrombosis
GASTROESOPHAGEAL REFLUX,466,225,False,gastroesophageal_reflux
PARANOID,453,226,False,paranoid
ARM SWELLING,449,227,False,arm_swelling
TREMORS,448,228,False,tremors
CEREBROVASCULAR ACCIDENT,441,229,False,cerebrovascular_accident
PREGNANCY TEST,438,230,False,pregnancy_test
DRAINAGE FROM INCISION,434,231,False,drainage_from_incision
HAND BURN,430,232,False,hand_burn
CONCUSSION,420,233,False,concussion
INTRAVENOUS ACCESS,419,234,False,intravenous_access
BREAST PROBLEM,419,235,False,breast_problem
INSOMNIA,415,236,False,insomnia
CHEMICAL EXPOSURE,413,237,False,chemical_exposure
SWALLOWING PROBLEM,402,238,False,swallowing_problem
POST-PARTUM COMPLICATIONS,397,239,False,post_partum_complications
CALF PAIN,396,240,False,calf_pain
COLD EXPOSURE,388,241,False,cold_exposure
MIGRAINE,387,242,False,migraine
TOE INJURY,386,243,False,toe_injury
RECTAL PAIN,379,244,False,rectal_pain
CAST PROBLEM,378,245,False,cast_problem
VAGINAL DISCHARGE,367,246,False,vaginal_discharge
GAIT PROBLEMS,364,247,False,gait_problems
FRACTURE,363,248,False,fracture
AV FISTULA,350,249,False,av_fistula
THROAT PAIN,340,250,False,throat_pain
HEAT EXPOSURE,335,251,False,heat_exposure
MUSCLE PAIN,335,252,False,muscle_pain
CONJUNCTIVITIS,328,253,False,conjunctivitis
MOTOR VEHICLE VS PEDESTRIAN,327,254,False,motor_vehicle_vs_pedestrian
EYE DRAINAGE,326,255,False,eye_drainage
BLURRED VISION,324,256,False,blurred_vision
OSTOMY ASSESSMENT,322,257,False,ostomy_assessment
PLEURISY,322,258,False,pleurisy
GROIN SWELLING,321,259,False,groin_swelling
NECK INJURY,315,260,False,neck_injury
WOUND DEHISCENCE,313,261,False,wound_dehiscence
GI PROBLEMS,313,262,False,gi_problems
EAR DRAINAGE,310,263,False,ear_drainage
FROSTBITE,304,264,False,frostbite
LOSS OF APPETITE,300,265,False,loss_of_appetite
HYPOXEMIA,294,266,False,hypoxemia
PACEMAKER PROBLEMS,292,267,False,pacemaker_problems
MEMORY LOSS,292,268,False,memory_loss
CHOKING,287,269,False,choking
LAB ONLY,282,270,False,lab_only
ASPIRATION,280,271,False,aspiration
PUNCTURE WOUND,274,272,False,puncture_wound
TONGUE SWELLING,271,273,False,tongue_swelling
NECK SWELLING,271,274,False,neck_swelling
PERI RECTAL ABSCESS,269,275,False,peri_rectal_abscess
TAILBONE PAIN,269,276,False,tailbone_pain
PANCREATITIS,268,277,False,pancreatitis
HYPERKALEMIA,266,278,False,hyperkalemia
CLAVICLE INJURY,263,279,False,clavicle_injury
INFECTION,256,280,False,infection
ORAL SWELLING,252,281,False,oral_swelling
CARBON MONOXIDE,245,282,False,carbon_monoxide
SKIN ULCER,244,283,False,skin_ulcer
PHARYNGITIS,242,284,False,pharyngitis
AGITATION,240,285,False,agitation
CHF,238,286,False,chf
SUPRAVENTRICULAR TACHYCARDIA,232,287,False,supraventricular_tachycardia
SORE,226,288,False,sore
WELL CHILD,221,289,False,well_child
ASCITES,220,290,False,ascites
ABRASION,219,291,False,abrasion
CHEST INJURY,217,292,False,chest_injury
HYPOTHERMIA,216,293,False,hypothermia
NEEDLESTICK,210,294,False,needlestick
HEARTBURN,210,295,False,heartburn
HUMAN BITE,208,296,False,human_bite
HOMICIDAL,208,297,False,homicidal
DRUG SCREEN,200,298,False,drug_screen
DENTAL INJURY,196,299,False,dental_injury
POST OP TONSILLECTOMY,196,300,False,post_op_tonsillectomy
EVALUATION OF CHILD ABUSE,194,301,False,evaluation_of_child_abuse
DRESSING CHANGE,193,302,False,dressing_change
FOREIGN BODY IN VAGINA,186,303,False,foreign_body_in_vagina
TRANSIENT ISCHEMIC ATTACK,182,304,False,transient_ischemic_attack
SMOKE INHALATION,179,305,False,smoke_inhalation
INFLUENZA,179,306,False,influenza
DYSPHAGIA,178,307,False,dysphagia
ABNORMAL ELECTROCARDIOGRAM (ECG) (EKG),177,308,False,abnormal_electrocardiogram_ecg_ekg
INCISIONAL PAIN,177,309,False,incisional_pain
ECTOPIC PREGNANCY,174,310,False,ectopic_pregnancy
MOUTH LESION,173,311,False,mouth_lesion
HOMELESS,170,312,False,homeless
HYPOKALEMIA,167,313,False,hypokalemia
WEIGHT LOSS,163,314,False,weight_loss
VAGINAL ITCHING,163,315,False,vaginal_itching
RECTAL PROLAPSE,161,316,False,rectal_prolapse
EVAL PT MAINTENANCE,161,317,False,eval_pt_maintenance
CRUSH INJURY,159,318,False,crush_injury
HERNIA,156,319,False,hernia
BLISTER,156,320,False,blister
SHINGLES,155,321,False,shingles
INCONTINENCE,154,322,False,incontinence
ANGIOEDEMA,154,323,False,angioedema
MORNING SICKNESS,152,324,False,morning_sickness
DIVERTICULITIS,151,325,False,diverticulitis
ALLERGIES,150,326,False,allergies
EAR FULLNESS,150,327,False,ear_fullness
BLOOD INFECTION,150,328,False,blood_infection
NOSE PROBLEM,148,329,False,nose_problem
APPENDICITIS,147,330,False,appendicitis
JOINT SWELLING,145,331,False,joint_swelling
LOSS OF CONSCIOUSNESS,144,332,False,loss_of_consciousness
GOUT,142,333,False,gout
ABNORMAL CT,137,334,False,abnormal_ct
IV MEDICATION,137,335,False,iv_medication
FOOT ULCER,137,336,False,foot_ulcer
MENOMETRORRHAGIA,135,337,False,menometrorrhagia
DIAPER RASH,134,338,False,diaper_rash
MOTOR VEHICLE VS BICYCLE,133,339,False,motor_vehicle_vs_bicycle
CONGESTION,133,340,False,congestion
PRIAPISM,132,341,False,priapism
CRAMPING,131,342,False,cramping
DELUSIONAL,131,343,False,delusional
FOREIGN BODY IN RECTUM,131,344,False,foreign_body_in_rectum
EAR INJURY,131,345,False,ear_injury
JOINT PAIN,129,346,False,joint_pain
INFUSION,125,347,False,infusion
EAR LACERATION,123,348,False,ear_laceration
SUNBURN,123,349,False,sunburn
FACIAL BURN,121,350,False,facial_burn
OVARIAN CYST,119,351,False,ovarian_cyst
ELECTRIC SHOCK,117,352,False,electric_shock
HYPONATREMIA,114,353,False,hyponatremia
DEMENTIA,114,354,False,dementia
SWEATS,114,355,False,sweats
COLD EXTREMITY,111,356,False,cold_extremity
PENILE DISCHARGE,109,357,False,penile_discharge
AMPUTATION,109,358,False,amputation
HEARING PROBLEM,106,359,False,hearing_problem
ABDOMINAL INJURY,106,360,False,abdominal_injury
FOOT BURN,103,361,False,foot_burn
EDEMA,103,362,False,edema
BODY LACERATION,101,363,False,body_laceration
REFILL REQUEST,101,364,False,refill_request
URINE OUTPUT,101,365,False,urine_output
EXCESSIVE DRUG USE,100,366,False,excessive_drug_use
WOUND ASSESSMENT,100,367,False,wound_assessment
TICK REMOVAL,99,368,False,tick_removal
HEART PROBLEM,98,369,False,heart_problem
IMM/INJ,96,370,False,imm_inj
TRACHEOSTOMY TUBE CHANGE,93,371,False,tracheostomy_tube_change
TOENAIL,92,372,False,toenail
METRORRHAGIA,91,373,False,metrorrhagia
PULMONARY EMBOLUS,91,374,False,pulmonary_embolus
BREAST MASS,90,375,False,breast_mass
PNEUMONIA,90,376,False,pneumonia
NEAR DROWNING,89,377,False,near_drowning
TOXIC INHALATION,89,378,False,toxic_inhalation
SINUSITIS,88,379,False,sinusitis
EVALUATION OF DOMESTIC VIOLENCE,88,380,False,evaluation_of_domestic_violence
LYMPHADENOPATHY,88,381,False,lymphadenopathy
LIVER PROBLEM,88,382,False,liver_problem
RESPIRATORY ARREST,88,383,False,respiratory_arrest
IUD,85,384,False,iud
EAR INFECTION,81,385,False,ear_infection
HICCUPS,81,386,False,hiccups
CROHNS,79,387,False,crohns
HYPEREMESIS,79,388,False,hyperemesis
SKIN INFECTION,79,389,False,skin_infection
POISON IVY,78,390,False,poison_ivy
SCAN,78,391,False,scan
G TUBE CHANGE,77,392,False,g_tube_change
THRUSH,74,393,False,thrush
AIRWAY OBSTRUCTION,70,394,False,airway_obstruction
ATRIAL FLUTTER,70,395,False,atrial_flutter
HOSPITALIZATION OR ADMISSION,69,396,False,hospitalization_or_admission
MEDICATION PROBLEM,67,397,False,medication_problem
MENSTRUAL PROBLEM,67,398,False,menstrual_problem
NAVEL PROBLEMS,66,399,False,navel_problems
APNEA,66,400,False,apnea
ARTHRITIS,65,401,False,arthritis
PACEMAKER/ICD,64,402,False,pacemaker_icd
LINE INFECTION,64,403,False,line_infection
VERTIGO,63,404,False,vertigo
POISONING,63,405,False,poisoning
INJURY,62,406,False,injury
VISUAL FIELDS CHANGE,61,407,False,visual_fields_change
NEUROPATHY,61,408,False,neuropathy
SCHIZOPHRENIA,61,409,False,schizophrenia
GROIN INJURY,60,410,False,groin_injury
RHEUMATOID ARTHRITIS,60,411,False,rheumatoid_arthritis
POST-OP HERNIA,57,412,False,post_op_hernia
POST OP TUBES,54,413,False,post_op_tubes
JAW DISLOCATION,54,414,False,jaw_dislocation
LAB,53,415,False,lab
EATING DISORDER,52,416,False,eating_disorder
ABDOMINAL CRAMPING,51,417,False,abdominal_cramping
RECREATIONAL VEHICLE ACCIDENT,51,418,False,recreational_vehicle_accident
RESTLESS LEGS,49,419,False,restless_legs
VARICOSE VEINS,49,420,False,varicose_veins
SLEEP PROBLEM,49,421,False,sleep_problem
TICK BITE,48,422,False,tick_bite
CHANGE IN STOOLS,47,423,False,change_in_stools
BLADDER PROBLEM,47,424,False,bladder_problem
WOUND VAC PLACEMENT,47,425,False,wound_vac_placement
WORD FINDING PROBLEMS,46,426,False,word_finding_problems
AICD PROBLEM,44,427,False,aicd_problem
NECK MASS,44,428,False,neck_mass
ECZEMA,42,429,False,eczema
TINNITUS,42,430,False,tinnitus
HEAD LICE,41,431,False,head_lice
WEIGHT PROBLEM,39,432,False,weight_problem
DIFFICULTY WALKING,39,433,False,difficulty_walking
HEARING LOSS,39,434,False,hearing_loss
MUSCULOSKELETAL PROBLEM,39,435,False,musculoskeletal_problem
IMPLANTABLE CARDIAC DEFIBRILLATOR ADJUSTMENT,38,436,False,implantable_cardiac_defibrillator_adjustment
PARALYSIS,38,437,False,paralysis
VISITING NURSE,38,438,False,visiting_nurse
SPINAL INJURY,37,439,False,spinal_injury
THYROID PROBLEM,36,440,False,thyroid_problem
CHRONIC PAIN,36,441,False,chronic_pain
RESULTS,35,442,False,results
STRIDOR,35,443,False,stridor
ACUTE RENAL FAILURE,35,444,False,acute_renal_failure
BLOATED,35,445,False,bloated
CYANOSIS,34,446,False,cyanosis
CLOUDY VISION,33,447,False,cloudy_vision
DIPLOPIA,33,448,False,diplopia
CANCER,32,449,False,cancer
ABDOMINAL AORTIC ANEURYSM,31,450,False,abdominal_aortic_aneurysm
PLEURAL EFFUSION,31,451,False,pleural_effusion
ANEURYSM,31,452,False,aneurysm
DROOLING,31,453,False,drooling
EXCESSIVE SWEATING,30,454,False,excessive_sweating
HOT FLASHES,30,455,False,hot_flashes
FIBROMYALGIA,30,456,False,fibromyalgia
DEAD ON ARRIVAL,29,457,False,dead_on_arrival
PORTACATH FLUSH,29,458,False,portacath_flush
LARYNGITIS,29,459,False,laryngitis
PROSTATE PROBLEM,29,460,False,prostate_problem
PILONIDAL CYST,28,461,False,pilonidal_cyst
MULTIPLE SCLEROSIS,28,462,False,multiple_sclerosis
DIABETIC FOOT CARE,28,463,False,diabetic_foot_care
ULCER,28,464,False,ulcer
DYSFUNCTIONAL UTERINE BLEEDING,27,465,False,dysfunctional_uterine_bleeding
RUNNY NOSE,27,466,False,runny_nose
CIRCULATORY PROBLEMS,27,467,False,circulatory_problems
CIRCUMCISION,27,468,False,circumcision
TRANSFUSION,26,469,False,transfusion
CARDIAC DYSRHYTHMIAS,26,470,False,cardiac_dysrhythmias
SPLINT,26,471,False,splint
VENTRICULAR TACHYCARDIA,25,472,False,ventricular_tachycardia
MRSA,25,473,False,mrsa
CIRRHOSIS,25,474,False,cirrhosis
HEART BLOCK,25,475,False,heart_block
ULTRASOUND,24,476,False,ultrasound
POST OP QUESTION,24,477,False,post_op_question
NASAL PAIN,24,478,False,nasal_pain
CHRONIC RENAL FAILURE,24,479,False,chronic_renal_failure
CAST REMOVAL,24,480,False,cast_removal
ANEMIA MANAGEMENT,23,481,False,anemia_management
STRESS,23,482,False,stress
ABNORMAL HEART SCREEN,23,483,False,abnormal_heart_screen
POST TRAUMATIC STRESS DISORDER (PTSD),23,484,False,post_traumatic_stress_disorder_ptsd
SPITTING UP,23,485,False,spitting_up
WELLNESS PHYSICAL,23,486,False,wellness_physical
GAS,22,487,False,gas
FUSSY CHILD,22,488,False,fussy_child
MEMORY PROBLEMS,22,489,False,memory_problems
PALLOR,22,490,False,pallor
PRENATAL CARE,22,491,False,prenatal_care
CONGESTIVE HEART FAILURE,22,492,False,congestive_heart_failure
ABNORMAL G TUBE,22,493,False,abnormal_g_tube
WORK RELATED INJURY,22,494,False,work_related_injury
RESTLESS LEG SYNDROME,21,495,False,restless_leg_syndrome
DECREASE SENSE OF SMELL/SMELLING LOSS,21,496,False,decrease_sense_of_smell_smelling_loss
HOARSE,21,497,False,hoarse
BRAIN TUMOR,20,498,False,brain_tumor
ENLARGED LYMPH NODES,20,499,False,enlarged_lymph_nodes
CAST REPAIR,20,500,False,cast_repair
ADDICTION PROBLEM,20,501,False,addiction_problem
HAIR/SCALP PROBLEM,20,502,False,hair_scalp_problem
HEAD SWELLING,20,503,False,head_swelling
UTERINE PROLAPSE,20,504,False,uterine_prolapse
MENORRHAGIA,20,505,False,menorrhagia
PHYSICAL,19,506,False,physical
HYPERCALCEMIA,19,507,False,hypercalcemia
GANGRENE,19,508,False,gangrene
URETHRAL PROBLEM,19,509,False,urethral_problem
MEDICATION MANAGEMENT,19,510,False,medication_management
FECAL INCONTINENCE,19,511,False,fecal_incontinence
FEEDING DIFFICULTIES,19,512,False,feeding_difficulties
DERMATITIS,18,513,False,dermatitis
PIERCING,18,514,False,piercing
DYSPHASIA,18,515,False,dysphasia
REFERRAL,18,516,False,referral
BREAST DISCHARGE,18,517,False,breast_discharge
C-DIFF POSITIVE,18,518,False,c_diff_positive
TUBERCULOSIS,17,519,False,tuberculosis
MEDICAL QUESTION,17,520,False,medical_question
IMPETIGO,17,521,False,impetigo
LUNG CANCER,17,522,False,lung_cancer
LUPUS,17,523,False,lupus
URGENCY,17,524,False,urgency
PERIPHERAL NEUROPATHY,17,525,False,peripheral_neuropathy
NAIL PROBLEM,17,526,False,nail_problem
SURGERY,17,527,False,surgery
SNAKE BITE,17,528,False,snake_bite
ANAL FISSURE,17,529,False,anal_fissure
MONO,16,530,False,mono
INCISIONAL WOUND,16,531,False,incisional_wound
BOWEL DYSFUNCTION,16,532,False,bowel_dysfunction
EVALUATION FOR CHILD ABUSE,16,533,False,evaluation_for_child_abuse
ELEVATED LIVER ENZYMES,16,534,False,elevated_liver_enzymes
UPPER BACK PAIN,16,535,False,upper_back_pain
CHOLECYSTITIS,16,536,False,cholecystitis
CHRONIC KIDNEY DISEASE,15,537,False,chronic_kidney_disease
EXPOSURE TO COMMUNICABLE DISEASE,15,538,False,exposure_to_communicable_disease
SPEECH LANGUAGE DELAY,15,539,False,speech_language_delay
ANGER,15,540,False,anger
DISRUPTIVE BEHAVIOR,15,541,False,disruptive_behavior
CARPAL TUNNEL,14,542,False,carpal_tunnel
ANOREXIA,14,543,False,anorexia
PYELONEPHRITIS,14,544,False,pyelonephritis
PARKINSONS,14,545,False,parkinsons
STOOL COLOR CHANGE,14,546,False,stool_color_change
THROMBOCYTOPENIA,14,547,False,thrombocytopenia
EQUIPMENT TROUBLE SHOOTING,13,548,False,equipment_trouble_shooting
ADDISONS DISEASE,13,549,False,addisons_disease
COLITIS,13,550,False,colitis
HYPOCALCEMIA,13,551,False,hypocalcemia
HYDROCEPHALUS,13,552,False,hydrocephalus
TEMPOROMANDIBULAR JOINT PAIN,13,553,False,temporomandibular_joint_pain
CHOLELITHIASIS,13,554,False,cholelithiasis
POLYURIA,13,555,False,polyuria
EXCESSIVE ALCOHOL USE,13,556,False,excessive_alcohol_use
LYME DISEASE,13,557,False,lyme_disease
G TUBE FOLLOW UP,13,558,False,g_tube_follow_up
CARDIAC DEVICE EVALUATION,13,559,False,cardiac_device_evaluation
TONSILLAR MASS,13,560,False,tonsillar_mass
OSTEOMYELITIS,12,561,False,osteomyelitis
GRIEF,12,562,False,grief
BLEEDING DISORDER,12,563,False,bleeding_disorder
STYE,12,564,False,stye
DELIRIUM TREMENS (DTS),12,565,False,delirium_tremens_dts
ESOPHAGITIS,12,566,False,esophagitis
SKIN CHECK,12,567,False,skin_check
ABNORMAL CXR,12,568,False,abnormal_cxr
CRITICAL TEST RESULT,12,569,False,critical_test_result
ULCERATIVE COLITIS,12,570,False,ulcerative_colitis
GROIN BURN,12,571,False,groin_burn
PAIN PUMP QUESTIONS,12,572,False,pain_pump_questions
MEDICATION QUESTION,11,573,False,medication_question
MYASTHENIA GRAVIS,11,574,False,myasthenia_gravis
BITE,11,575,False,bite
BLADDER DYSFUNCTION,11,576,False,bladder_dysfunction
SOCIAL WORKER VISIT,11,577,False,social_worker_visit
POST CHEMO,11,578,False,post_chemo
PHYSICAL-OTHER,10,579,False,physical_other
PRE OP COORDINATION,10,580,False,pre_op_coordination
NEUTROPENIA,10,581,False,neutropenia
PHLEBITIS,10,582,False,phlebitis
DETACHED RETINA,10,583,False,detached_retina
BURNING EYES,10,584,False,burning_eyes
FONTANELE BULGING,10,585,False,fontanele_bulging
HERNIA REPAIR,10,586,False,hernia_repair
NUTRITION CHILD/INFANT,10,587,False,nutrition_child_infant
FOOT CARE,9,588,False,foot_care
ENDOMETRIOSIS,9,589,False,endometriosis
SKIN DISCOLORATION,9,590,False,skin_discoloration
PETECHIAE,9,591,False,petechiae
ANAL FISTUAL,9,592,False,anal_fistual
PROCEDURE,9,593,False,procedure
PERIPHERAL VASCULAR DISEASE,9,594,False,peripheral_vascular_disease
SPOTS AND/OR FLOATERS,9,595,False,spots_and_or_floaters
ELEVATED CREATININE,9,596,False,elevated_creatinine
TEETHING,9,597,False,teething
HYPERNATREMIA,9,598,False,hypernatremia
RUNAWAY,8,599,False,runaway
DYSMENORRHEA,8,600,False,dysmenorrhea
ORAL PAIN,8,601,False,oral_pain
RINGING IN THE EARS,8,602,False,ringing_in_the_ears
POSTPARTUM CARE,8,603,False,postpartum_care
FECAL IMPACTION,8,604,False,fecal_impaction
MUSCULAR DYSTROPHY,8,605,False,muscular_dystrophy
EYE BURN,8,606,False,eye_burn
HOSPICE,8,607,False,hospice
INSULIN REACTION,8,608,False,insulin_reaction
RECTO VAGINAL FISTULA,7,609,False,recto_vaginal_fistula
HYDRONEPHROSIS,7,610,False,hydronephrosis
HEPATIC DISEASE,7,611,False,hepatic_disease
TICS,7,612,False,tics
CERUMEN IMPACTION,7,613,False,cerumen_impaction
PELVIC ORGAN PROLAPSE,7,614,False,pelvic_organ_prolapse
ERECTILE DYSFUNCTION,7,615,False,erectile_dysfunction
TORTICOLLIS,7,616,False,torticollis
BEHAVIORAL HEALTH TESTING,7,617,False,behavioral_health_testing
VASCULITIS,7,618,False,vasculitis
CONTRACTIONS,7,619,False,contractions
CONTACT LENS IRRITATION,7,620,False,contact_lens_irritation
LABORING,7,621,False,laboring
GASTRITIS,7,622,False,gastritis
CASE MANAGEMENT/RESOURCE VISIT,7,623,False,case_management_resource_visit
LYMPHEDEMA,7,624,False,lymphedema
ANTICOAGULATION,7,625,False,anticoagulation
COVID 19 OUTPATIENT THERAPY REFERRAL,6,626,False,covid_19_outpatient_therapy_referral
ENCOPRESIS,6,627,False,encopresis
ENDOCARDITIS,6,628,False,endocarditis
THOUGHTS OF HURTING ONESELF,6,629,False,thoughts_of_hurting_oneself
BEHAVIORAL HEALTH APPOINTMENT REQUEST,6,630,False,behavioral_health_appointment_request
STRESS URINARY INCONTINENCE,6,631,False,stress_urinary_incontinence
LIGHTENING STRIKE,6,632,False,lightening_strike
HEMOPHILIA,6,633,False,hemophilia
GYN EXAM,6,634,False,gyn_exam
CONTRACEPTION,6,635,False,contraception
ITCHY EYE,6,636,False,itchy_eye
COGNITIVE DYSFUNCTION,6,637,False,cognitive_dysfunction
SCHIZOAFFECTIVE DISORDER,6,638,False,schizoaffective_disorder
PSORIATIC ARTHRITIS,6,639,False,psoriatic_arthritis
RECURRENT URINARY TRACT INFECTION,6,640,False,recurrent_urinary_tract_infection
ALLIED HEALTH VISIT,6,641,False,allied_health_visit
PHOTOPHOBIA,6,642,False,photophobia
PERSPIRATION,6,643,False,perspiration
IRON DEFICIENCY,5,644,False,iron_deficiency
HEAD MASS,5,645,False,head_mass
MEDICATION CHANGE REQUEST,5,646,False,medication_change_request
INCISIONAL PROBLEM OF CHEST,5,647,False,incisional_problem_of_chest
ATHLETE'S FOOT,5,648,False,athlete_s_foot
IRREGULAR MENSES,5,649,False,irregular_menses
CAROTID ARTERY STENOSIS,5,650,False,carotid_artery_stenosis
LEUKEMIA,5,651,False,leukemia
NARCOLEPSY,5,652,False,narcolepsy
ANAL ITCHING,5,653,False,anal_itching
CORNEAL ABRASION,5,654,False,corneal_abrasion
KIDNEY TRANSPLANT,5,655,False,kidney_transplant
PRE-ECLAMPSIA,5,656,False,pre_eclampsia
POLYDIPSIA,5,657,False,polydipsia
PULMONARY HYPERTENSION,5,658,False,pulmonary_hypertension
ABN FOLLOW-UP,5,659,False,abn_follow_up
CYSTIC FIBROSIS,5,660,False,cystic_fibrosis
PEPPER SPRAY,5,661,False,pepper_spray
SKIN LESION,5,662,False,skin_lesion
PAPERWORK REQUEST,4,663,False,paperwork_request
PERIODIC LIMB MOVEMENT,4,664,False,periodic_limb_movement
CYSTITIS,4,665,False,cystitis
PANCREATIC CANCER,4,666,False,pancreatic_cancer
CHEMOTHERAPY,4,667,False,chemotherapy
DYSKINESIA,4,668,False,dyskinesia
BLINDNESS,4,669,False,blindness
BLADDER PROLAPSE,4,670,False,bladder_prolapse
NASAL POLYPS,4,671,False,nasal_polyps
MOTORCYCLE VERSUS PEDESTRIAN,4,672,False,motorcycle_versus_pedestrian
STRESS TEST,4,673,False,stress_test
AMENORRHEA,4,674,False,amenorrhea
HYPERTHERMIA,4,675,False,hyperthermia
HYPERTHYROIDISM,4,676,False,hyperthyroidism
HEALTH MAINTENANCE,4,677,False,health_maintenance
HEART MURMUR,4,678,False,heart_murmur
TRAUMATIC BRAIN INJURY,4,679,False,traumatic_brain_injury
PACEMAKER ADJUSTMENT,4,680,False,pacemaker_adjustment
FOLLICULITIS,4,681,False,folliculitis
BURSITIS,4,682,False,bursitis
GOUTY ARTHRITIS,4,683,False,gouty_arthritis
ORBITAL FRACTURE,4,684,False,orbital_fracture
REACTIVE AIRWAY DISEASE,4,685,False,reactive_airway_disease
SEXUALLY TRANSMITTED DISEASE,4,686,False,sexually_transmitted_disease
DECREASED FETAL MOVEMENT,4,687,False,decreased_fetal_movement
PERICARDITIS,4,688,False,pericarditis
PRESSURE BEHIND THE EYES,4,689,False,pressure_behind_the_eyes
MOOD DISORDER,3,690,False,mood_disorder
HAIR LOSS,3,691,False,hair_loss
HEPATITIS C,3,692,False,hepatitis_c
BREAST CANCER,3,693,False,breast_cancer
LATENT TUBERCULOSIS,3,694,False,latent_tuberculosis
MEDICATION DOSE CHANGE,3,695,False,medication_dose_change
LETTER,3,696,False,letter
LIVER CANCER,3,697,False,liver_cancer
HIV,3,698,False,hiv
NEPHROTIC SYNDROME,3,699,False,nephrotic_syndrome
GASTROPARESIS,3,700,False,gastroparesis
CELIAC DISEASE,3,701,False,celiac_disease
BREAST ABNORMALITY,3,702,False,breast_abnormality
THYROID MASS,3,703,False,thyroid_mass
PRE-OP EXAM,3,704,False,pre_op_exam
PANCREAS PROBLEM,3,705,False,pancreas_problem
POOR WEIGHT GAIN,3,706,False,poor_weight_gain
STRESS REACTION,3,707,False,stress_reaction
EMPLOYMENT PHYSICAL,3,708,False,employment_physical
DEATH,3,709,False,death
RECTAL CANCER,3,710,False,rectal_cancer
PROSTATE CANCER,3,711,False,prostate_cancer
PROLAPSE,3,712,False,prolapse
PSORIASIS,3,713,False,psoriasis
IRRITABLE BOWEL SYNDROME,3,714,False,irritable_bowel_syndrome
ABNORMAL PET SCAN,3,715,False,abnormal_pet_scan
WEST NILE VIRUS INFECTION,3,716,False,west_nile_virus_infection
ABNORMAL EEG,2,717,False,abnormal_eeg
ABSTRACT,2,718,False,abstract
DECREASED VISUAL ACUITY,2,719,False,decreased_visual_acuity
RUPTURE OF MEMBRANES,2,720,False,rupture_of_membranes
RENAL INSUFFICIENCY,2,721,False,renal_insufficiency
RENAL MASS,2,722,False,renal_mass
VASECTOMY,2,723,False,vasectomy
REHAB REFERRAL,2,724,False,rehab_referral
PRE-EVAL PT MAINTENANCE,2,725,False,pre_eval_pt_maintenance
SKIN TAG,2,726,False,skin_tag
PREMATURITY,2,727,False,prematurity
SNORING,2,728,False,snoring
ELDER ABUSE,2,729,False,elder_abuse
PRUITIS,2,730,False,pruitis
PULMONARY FIBROSIS,2,731,False,pulmonary_fibrosis
SICKLE CELL ANEMIA,2,732,False,sickle_cell_anemia
DIABETIC SUPPLIES,2,733,False,diabetic_supplies
PTOSIS,2,734,False,ptosis
SEXUAL ABUSE ISSUES,2,735,False,sexual_abuse_issues
SCAR,2,736,False,scar
SEROMA,2,737,False,seroma
COLON CANCER,2,738,False,colon_cancer
COAGULATION DISORDER,2,739,False,coagulation_disorder
MEDICATION COUNSELING,2,740,False,medication_counseling
AUTISM,2,741,False,autism
BIOPSY,2,742,False,biopsy
INCISIONAL PROBLEM OF BREAST,2,743,False,incisional_problem_of_breast
IMPLANT RUPTURE,2,744,False,implant_rupture
LYMPHOMA,2,745,False,lymphoma
MOLE CHECK,2,746,False,mole_check
METABOLIC SYNDROME,2,747,False,metabolic_syndrome
GLUCOSE INTOLERANCE,2,748,False,glucose_intolerance
NEPHROPATHY,2,749,False,nephropathy
VITAMIN DEFICIENCY,2,750,False,vitamin_deficiency
ALS (AMYOTROPHIC LATERAL SCLEROSIS),2,751,False,als_amyotrophic_lateral_sclerosis
URGE INCONTINENCE,2,752,False,urge_incontinence
APNEA OF PREMATURITY,2,753,False,apnea_of_prematurity
INFLAMMATORY ARTHRITIS,2,754,False,inflammatory_arthritis
POSTMENOPAUSAL BLEEDING,2,755,False,postmenopausal_bleeding
SPINE CENTER REFERRAL,2,756,False,spine_center_referral
PALLIATIVE CARE REFERRAL,2,757,False,palliative_care_referral
OPTIC NEURITIS,2,758,False,optic_neuritis
SPASTICITY,2,759,False,spasticity
CLAUDICATION,2,760,False,claudication
FAT NECROSIS,2,761,False,fat_necrosis
SUPPLY MANAGEMENT,2,762,False,supply_management
ORTHOSIS RECHECK,2,763,False,orthosis_recheck
EMERGENCY CONTRACEPTION,2,764,False,emergency_contraception
CLOTTING DISORDER,2,765,False,clotting_disorder
PHYSICAL ABUSE ISSUES,2,766,False,physical_abuse_issues
HEPATITIS,2,767,False,hepatitis
GASTRIC BYPASS,2,768,False,gastric_bypass
CARE COORDINATION,2,769,False,care_coordination
SYSTEMIC LUPUS ERYTHEMATOSUS,2,770,False,systemic_lupus_erythematosus
NURSING HOME,2,771,False,nursing_home
GROWTH IN NASAL PASSAGE,2,772,False,growth_in_nasal_passage
KIDNEY TRANSPLANT FOLLOW-UP,2,773,False,kidney_transplant_follow_up
SARCOMA,1,774,False,sarcoma
RN HTN CLINIC FOLLOW UP,1,775,False,rn_htn_clinic_follow_up
ALLERGIC RHINITIS,1,776,False,allergic_rhinitis
RENAL TRANSPLANT,1,777,False,renal_transplant
CONTINUUM OF CARE,1,778,False,continuum_of_care
RADIATION THERAPY,1,779,False,radiation_therapy
ADRENAL CANCER,1,780,False,adrenal_cancer
ADVANCE CARE PLANNING,1,781,False,advance_care_planning
ADENOPATHY,1,782,False,adenopathy
ACCESSORY NIPPLE,1,783,False,accessory_nipple
KAWASAKI DISEASE,1,784,False,kawasaki_disease
KIDNEY TRANSPLANT EVALUATION,1,785,False,kidney_transplant_evaluation
ADJUSTMENT ISSUES,1,786,False,adjustment_issues
COVID-19 OUTPATIENT TREATMENT INELIGIBLE,1,787,False,covid_19_outpatient_treatment_ineligible
CYTOMEGALOVIRUS INFECTION,1,788,False,cytomegalovirus_infection
ESTABLISH CARE,1,789,False,establish_care
POLYMYALGIA RHEUMATICA,1,790,False,polymyalgia_rheumatica
ENURESIS,1,791,False,enuresis
CHILD ABUSE,1,792,False,child_abuse
CHRONIC RESPIRATORY FAILURE,1,793,False,chronic_respiratory_failure
SOCIAL WITHDRAWL,1,794,False,social_withdrawl
SNEEZING,1,795,False,sneezing
DOMESTIC MEDICAL EXAM,1,796,False,domestic_medical_exam
PREMATURE VENTRICULAR CONTRACTIONS,1,797,False,premature_ventricular_contractions
EOSINOPHILIC ESOPHAGITIS,1,798,False,eosinophilic_esophagitis
PROCEDURE PREP,1,799,False,procedure_prep
COLORECTAL CANCER,1,800,False,colorectal_cancer
DEVELOPMENT PROBLEMS,1,801,False,development_problems
SICK SINUS SYNDROME,1,802,False,sick_sinus_syndrome
SCOLIOSIS,1,803,False,scoliosis
NICOTINE DEPENDENCE,1,804,False,nicotine_dependence
NEW EQUIPMENT SETUP,1,805,False,new_equipment_setup
FIBROIDS,1,806,False,fibroids
FEEDING INTOLERANCE,1,807,False,feeding_intolerance
NEUROFIBROMATOSIS,1,808,False,neurofibromatosis
SUPRAGLOTTIC CANCER,1,809,False,supraglottic_cancer
SUPERFICIAL INJURY,1,810,False,superficial_injury
SUBACUTE BACTERIAL PERITONITIS,1,811,False,subacute_bacterial_peritonitis
EVENT MONITOR TRANSMISSION,1,812,False,event_monitor_transmission
CERVICAL CANCER,1,813,False,cervical_cancer
CEREBRAL PALSY,1,814,False,cerebral_palsy
OSTEOARTHRITIS,1,815,False,osteoarthritis
FAMILY PROBLEM,1,816,False,family_problem
PELVIC INFLAMMATORY DISEASE,1,817,False,pelvic_inflammatory_disease
PERSONAL HEALTH ASSESSMENT,1,818,False,personal_health_assessment
OMMAYA RESERVOIR,1,819,False,ommaya_reservoir
SQUAMOUS CELL CARCINOMA,1,820,False,squamous_cell_carcinoma
PERSONAL PROBLEM,1,821,False,personal_problem
EMPYEMA,1,822,False,empyema
PCOS,1,823,False,pcos
END STAGE RENAL DISEASE,1,824,False,end_stage_renal_disease
COLONOSCOPY RECALL,1,825,False,colonoscopy_recall
GENETIC DISORDER,1,826,False,genetic_disorder
THOUGHTS OF HURTING OTHERS,1,827,False,thoughts_of_hurting_others
GINGIVITIS,1,828,False,gingivitis
GENITAL WARTS,1,829,False,genital_warts
CALLOUSES,1,830,False,callouses
TAKAYASU'S ARTERITIS,1,831,False,takayasu_s_arteritis
OBSTRUCTIVE SLEEP APNEA,1,832,False,obstructive_sleep_apnea
NUTRITION COUNSELING,1,833,False,nutrition_counseling
CARDIAC PROCEDURE PREP,1,834,False,cardiac_procedure_prep
NOCTURIA,1,835,False,nocturia
HEPATITIS B,1,836,False,hepatitis_b
HEART FAILURE CLINIC,1,837,False,heart_failure_clinic
BLACK EYE,1,838,False,black_eye
BLADDER CANCER,1,839,False,bladder_cancer
BUNION,1,840,False,bunion
MULTIPLE MYELOMA,1,841,False,multiple_myeloma
BOTOX,1,842,False,botox
BREAST FEEDING,1,843,False,breast_feeding
NEPHRITIS,1,844,False,nephritis
HEAD AND NECK CANCER,1,845,False,head_and_neck_cancer
TETROLOGY OF FALLOT,1,846,False,tetrology_of_fallot
TEEN EVALUATION,1,847,False,teen_evaluation
TRANSPLANT SURGERY,1,848,False,transplant_surgery
BEHAVIORAL HEALTH TRIAGE THERAPIST VISIT,1,849,False,behavioral_health_triage_therapist_visit
MENIERE'S DISEASE,1,850,False,meniere_s_disease
MEDICATION TITRATION,1,851,False,medication_titration
HOSPITAL F/U,1,852,False,hospital_f_u
MACULAR DEGENERATION,1,853,False,macular_degeneration
LOW DOSE CT,1,854,False,low_dose_ct
HYPERTONIA,1,855,False,hypertonia
HYPHEMA,1,856,False,hyphema
BARRETT'S ESOPHAGUS,1,857,False,barrett_s_esophagus
LARYNGOMALACIA,1,858,False,laryngomalacia
LABIAL ADHESIONS,1,859,False,labial_adhesions
APLASTIC ANEMIA,1,860,False,aplastic_anemia
UPPER GI PROCEDURE,1,861,False,upper_gi_procedure
LESION REMOVAL,1,862,False,lesion_removal
URGENT CARE FOLLOW UP,1,863,False,urgent_care_follow_up
ALOPECIA,1,864,False,alopecia
UTERINE CANCER,1,865,False,uterine_cancer
WARTS,1,866,False,warts
WEIGHT CHECK,1,867,False,weight_check
